Start position,Length of the Overlap,% protected,Frame,Spacer,Number of base pair changed,Number of amino acid changed,Number of remaining STOPS,Algorithm,New sequence
475,662,0.5761531766753699,1,6,52,1,1,Antoine,ATGAGTCTGAAAGAGAAGACGCAATCTCTGTTTGCCAACGCATTTGGCTACCCTGCCACTCACACCATTCAGGCGCCTGGCCGCGTGAATTTGATTGGTGAACACACCGACTACAACGACGGTTTCGTTCTGCCCTGCGCGATTGATTATCAAACCGTGATCAGTTGTGCACCACGCGATGACCGTAAAGTTCGCGTGATGGCAGCCGATTATGAGAATCAGCTCGACGAGTTCTCTCTCGATGCGCCCATTGTCGCACATGAGAACTATCAATGGGCTAACTACGTTCGTGGCGTGGTGAAACATCTGCAACTGCGTAACAACAGCTTCGGCGGCGTGGACATGGTGATCAGCGGCAATGTGCCGCAGGGTGCCGGGTTAAGTTCTTCCGCTTCACTGGAAGTCGCGGTCGGAACCGTATTGCAGCAGCTTTATCATCTGCCGCTGGACGGCGCACAAATCGCGCTTAACGGTCAGGAGGCAGAAAATGAGTTCGTCGGCTGTAACTGCGGGATCATGGATCAGCTTATTTCCGCGCTCGGCAAGAAAGATCACGCCTTGCTCATCGATTGCCGCTCACTCGGTACCAAAGCAGTTTCCATGCCCAAAGGAGTCGCTGTCGTCATCATCAACAGTAACTTCAAACGTACCCTGGTCGGCAGCGAATACAACACCCGTCGGGAACAGTGCGAAACCGGAGCACGTTTCTTCCAGCAGCCAGCCCTGCGGGACGTCACCATCGAAGAGTTCAACGCTGTGGCGCACGAACTGGACCCGATCGTGGCGAAGCGCGTGCGTCATATACTCACTGAGAACGCCCGCACCGTGGAAGCTGCCAGCGCGCTGGAGCAAGGCGACCTCAAACGTATGGGCGAGCTTATGGCGGAGTCTCACGCCTCTATGCGCGACGATTTCGAAATCACCGTGCCGCAAATCGACACTCTGGTGGAAATCGTCAAAGCTGTCATCGGCGACAAAGGAGGAGTACGCATGACCGGCGGCGGATTCGGCGGCTGTATCGTCGCGCTCATCCCGGAAGAGCTGGTGCCTGCCGTACAGCAAGCTGTCGCTGAACAATACGAAGCGAAGACTGGTATTAAAGAGACATTCTACGTTTGTAAACCATCACAAGGAGCAGGACAGTGCTGA
544,596,0.5187119234116623,1,3,49,1,1,Antoine,ATGAGTCTGAAAGAGAAGACGCAATCTCTGTTTGCCAACGCATTTGGCTACCCTGCCACTCACACCATTCAGGCGCCTGGCCGCGTGAATTTGATTGGTGAACACACCGACTACAACGACGGTTTCGTTCTGCCCTGCGCGATTGATTATCAAACCGTGATCAGTTGTGCACCACGCGATGACCGTAAAGTTCGCGTGATGGCAGCCGATTATGAGAATCAGCTCGACGAGTTCTCTCTCGATGCGCCCATTGTCGCACATGAGAACTATCAATGGGCTAACTACGTTCGTGGCGTGGTGAAACATCTGCAACTGCGTAACAACAGCTTCGGCGGCGTGGACATGGTGATCAGCGGCAATGTGCCGCAGGGTGCCGGGTTAAGTTCTTCCGCTTCACTGGAAGTCGCGGTCGGAACCGTATTGCAGCAGCTTTATCATCTGCCGCTGGACGGCGCACAAATCGCGCTTAACGGTCAGGAAGCAGAGAATCAGTTTGTAGGCTGTAACTGCGGGATCATGGATCAGCTAATTTCCGCGCTCGGCAAGGAGGATCATGCCTTGCTCATCGATTGCCGCTCACTCGGTACCAAAGCAGTTTCCATGCCCAAAGGAGTCGCTGTCGTCATCATCAACAGTAACTTCAAACGTACCCTGGTCGGCAGCGAATACAACACCCGTCGGGAACAGTGCGAAACCGGAGCACGTTTCTTCCAGCAGCCAGCCCTGCGGGACGTCACCATCGAAGAGTTCAACGCTGTGGCGCACGAACTGGACCCGATCGTGGCGAAGCGCGTGCGTCATATACTCACTGAGAACGCCCGCACCGTGGAAGCTGCCAGCGCGCTGGAGCAAGGCGACCTCAAACGTATGGGCGAGCTTATGGCGGAGTCTCACGCCTCTATGCGCGACGATTTCGAAATCACCGTGCCGCAAATCGACACTCTGGTGGAAATCGTCAAAGCTGTCATCGGCGACAAAGGAGGAGTACGCATGACCGGCGGCGGATTCGGCGGCTGTATCGTCGCGCTCATCCCGGAAGAGCTGGTGCCTGCCGTACAGCAAGCTGTCGCTGAACAATACGAAGCGAAGACTGGTATTAAAGAGACATTCTACGTTTGTAAACCATCACAAGGAGCAGGACAGTGCTGA
675,463,0.40295909486510006,2,5,39,0,0,Antoine,ATGAGTCTGAAAGAGAAGACGCAATCTCTGTTTGCCAACGCATTTGGCTACCCTGCCACTCACACCATTCAGGCGCCTGGCCGCGTGAATTTGATTGGTGAACACACCGACTACAACGACGGTTTCGTTCTGCCCTGCGCGATTGATTATCAAACCGTGATCAGTTGTGCACCACGCGATGACCGTAAAGTTCGCGTGATGGCAGCCGATTATGAGAATCAGCTCGACGAGTTCTCTCTCGATGCGCCCATTGTCGCACATGAGAACTATCAATGGGCTAACTACGTTCGTGGCGTGGTGAAACATCTGCAACTGCGTAACAACAGCTTCGGCGGCGTGGACATGGTGATCAGCGGCAATGTGCCGCAGGGTGCCGGGTTAAGTTCTTCCGCTTCACTGGAAGTCGCGGTCGGAACCGTATTGCAGCAGCTTTATCATCTGCCGCTGGACGGCGCACAAATCGCGCTTAACGGTCAGGAAGCAGAGAATCAGTTTGTAGGCTGTAACTGCGGGATCATGGATCAGCTAATTTCCGCGCTCGGCAAGAAAGATCATGCCTTGCTGATCGATTGCCGCTCACTCGGTACCAAAGCAGTTTCCATGCCCAAAGGTGTGGCTGTCGTCATCATCAACAGTAACTTCAAACGTACCCTGGTTGGCAGCGAATACAACACCAGGAGGGAACAATGCGAAACCGGTGCGCGTTTCTTCCAGCAGCCAGCCCTGCGGGATGTCACCATCGAAGAGTTCAACGCTGTTGCGCACGAACTGGACCCGATCGTGGCGAAGCGCGTGCGTCATATACTGACAGAGAATGCCCGCACCGTCGAAGCTGCCAGCGCGCTGGAGCAAGGCGACCTGAAACGTATGGGCGAGTTGATGGCGGAGTCTCATGCCTCTATGCGCGACGATTTCGAAATCACCGTGCCGCAAATAGACACTCTGGTAGAAATCGTCAAAGCTGTGATTGGCGACAAAGGTGGCGTACGCATGACCGGCGGCGGATTTGGCGGCTGTATCGTCGCGCTGATCCCGGAAGAGCTGGTGCCTGCCGTACAGCAAGCTGTCGCCGAACAATACGAAGCGAAGACTGGTATCAAGGAGACATTCTATGTCTGCAAACCATCACAAGGAGCAGGACAGTGCTGA
742,398,0.3463881636205396,1,3,40,1,1,Antoine,ATGAGTCTGAAAGAGAAGACGCAATCTCTGTTTGCCAACGCATTTGGCTACCCTGCCACTCACACCATTCAGGCGCCTGGCCGCGTGAATTTGATTGGTGAACACACCGACTACAACGACGGTTTCGTTCTGCCCTGCGCGATTGATTATCAAACCGTGATCAGTTGTGCACCACGCGATGACCGTAAAGTTCGCGTGATGGCAGCCGATTATGAGAATCAGCTCGACGAGTTCTCTCTCGATGCGCCCATTGTCGCACATGAGAACTATCAATGGGCTAACTACGTTCGTGGCGTGGTGAAACATCTGCAACTGCGTAACAACAGCTTCGGCGGCGTGGACATGGTGATCAGCGGCAATGTGCCGCAGGGTGCCGGGTTAAGTTCTTCCGCTTCACTGGAAGTCGCGGTCGGAACCGTATTGCAGCAGCTTTATCATCTGCCGCTGGACGGCGCACAAATCGCGCTTAACGGTCAGGAAGCAGAGAATCAGTTTGTAGGCTGTAACTGCGGGATCATGGATCAGCTAATTTCCGCGCTCGGCAAGAAAGATCATGCCTTGCTGATCGATTGCCGCTCACTCGGTACCAAAGCAGTTTCCATGCCCAAAGGTGTGGCTGTCGTCATCATCAACAGTAACTTCAAACGTACCCTGGTTGGCAGCGAATACAACACCCGTCGTGAACAGTGCGAAACCGGTGCGCGTTTCTTCCAGCAGCCAGCCCTGCGTGATGTCACCATTGAGGAGGTCAATGCTGTGGCGCACGAACTGGACCCGATCGTGGCGAAGCGCGTGCGTCATATACTCACTGAGAACGCCCGCACCGTGGAAGCTGCCAGCGCGCTGGAGCAAGGCGACCTCAAACGTATGGGCGAGCTTATGGCGGAGTCTCACGCCTCTATGCGCGACGATTTCGAAATCACCGTGCCGCAAATCGACACTCTGGTGGAAATCGTCAAAGCTGTCATCGGCGACAAAGGAGGAGTACGCATGACCGGCGGCGGATTCGGCGGCTGTATCGTCGCGCTCATCCCGGAAGAGCTGGTGCCTGCCGTACAGCAAGCTGTCGCTGAACAATACGAAGCGAAGACTGGTATTAAAGAGACATTCTACGTTTGTAAACCATCACAAGGAGCAGGACAGTGCTGA
995,145,0.12619669277632725,2,3,30,1,0,Antoine,ATGAGTCTGAAAGAGAAGACGCAATCTCTGTTTGCCAACGCATTTGGCTACCCTGCCACTCACACCATTCAGGCGCCTGGCCGCGTGAATTTGATTGGTGAACACACCGACTACAACGACGGTTTCGTTCTGCCCTGCGCGATTGATTATCAAACCGTGATCAGTTGTGCACCACGCGATGACCGTAAAGTTCGCGTGATGGCAGCCGATTATGAGAATCAGCTCGACGAGTTCTCTCTCGATGCGCCCATTGTCGCACATGAGAACTATCAATGGGCTAACTACGTTCGTGGCGTGGTGAAACATCTGCAACTGCGTAACAACAGCTTCGGCGGCGTGGACATGGTGATCAGCGGCAATGTGCCGCAGGGTGCCGGGTTAAGTTCTTCCGCTTCACTGGAAGTCGCGGTCGGAACCGTATTGCAGCAGCTTTATCATCTGCCGCTGGACGGCGCACAAATCGCGCTTAACGGTCAGGAAGCAGAGAATCAGTTTGTAGGCTGTAACTGCGGGATCATGGATCAGCTAATTTCCGCGCTCGGCAAGAAAGATCATGCCTTGCTGATCGATTGCCGCTCACTCGGTACCAAAGCAGTTTCCATGCCCAAAGGTGTGGCTGTCGTCATCATCAACAGTAACTTCAAACGTACCCTGGTTGGCAGCGAATACAACACCCGTCGTGAACAGTGCGAAACCGGTGCGCGTTTCTTCCAGCAGCCAGCCCTGCGTGATGTCACCATTGAAGAGTTCAACGCTGTTGCGCATGAACTGGACCCGATCGTGGCGAAGCGCGTGCGTCATATACTGACTGAGAATGCCCGCACCGTTGAAGCTGCCAGCGCGCTGGAGCAAGGCGACCTGAAACGTATGGGCGAGTTGATGGCGGAGTCTCATGCCTCTATGCGCGATGATTTCGAAATCACCGTGCCGCAAATTGACACTCTGGTAGAAATCGTCAAAGCTGTGATTGGCGACAAAGGTGGCGTACGCATGACAGGAGGCGGATGTGGCGGCTGTATCGTCGCGCTGATCCCGGAAGAGCTGGTGCCTGCCGTACAGCAAGCTGTCGCCGAACAATACGAAGCGAAGACTGGTATCAAGGAGACATTCTATGTCTGCAAACCATCACAAGGAGCAGGACAGTGCTGA
998,140,0.12184508268059181,1,5,25,1,0,Antoine,ATGAGTCTGAAAGAGAAGACGCAATCTCTGTTTGCCAACGCATTTGGCTACCCTGCCACTCACACCATTCAGGCGCCTGGCCGCGTGAATTTGATTGGTGAACACACCGACTACAACGACGGTTTCGTTCTGCCCTGCGCGATTGATTATCAAACCGTGATCAGTTGTGCACCACGCGATGACCGTAAAGTTCGCGTGATGGCAGCCGATTATGAGAATCAGCTCGACGAGTTCTCTCTCGATGCGCCCATTGTCGCACATGAGAACTATCAATGGGCTAACTACGTTCGTGGCGTGGTGAAACATCTGCAACTGCGTAACAACAGCTTCGGCGGCGTGGACATGGTGATCAGCGGCAATGTGCCGCAGGGTGCCGGGTTAAGTTCTTCCGCTTCACTGGAAGTCGCGGTCGGAACCGTATTGCAGCAGCTTTATCATCTGCCGCTGGACGGCGCACAAATCGCGCTTAACGGTCAGGAAGCAGAGAATCAGTTTGTAGGCTGTAACTGCGGGATCATGGATCAGCTAATTTCCGCGCTCGGCAAGAAAGATCATGCCTTGCTGATCGATTGCCGCTCACTCGGTACCAAAGCAGTTTCCATGCCCAAAGGTGTGGCTGTCGTCATCATCAACAGTAACTTCAAACGTACCCTGGTTGGCAGCGAATACAACACCCGTCGTGAACAGTGCGAAACCGGTGCGCGTTTCTTCCAGCAGCCAGCCCTGCGTGATGTCACCATTGAAGAGTTCAACGCTGTTGCGCATGAACTGGACCCGATCGTGGCGAAGCGCGTGCGTCATATACTGACTGAGAACGCCCGCACCGTTGAAGCTGCCAGCGCGCTGGAGCAAGGCGACCTGAAACGTATGGGCGAGTTGATGGCGGAGTCTCATGCCTCTATGCGCGATGATTTCGAAATCACCGTGCCGCAAATTGACACTCTGGTAGAAATCGTCAAAGCTGTGATTGGCGACAAAGGTGGCGTACGCATGACCGGAGGAGGATTTGATGGCTGTATCGTCGCGCTCATCCCGGAAGAGCTGGTGCCTGCCGTACAGCAAGCTGTCGCTGAACAATACGAAGCGAAGACTGGTATTAAAGAGACATTCTACGTTTGTAAACCATCACAAGGAGCAGGACAGTGCTGA
1099,38,0.03307223672758921,1,6,20,1,0,Antoine,ATGAGTCTGAAAGAGAAGACGCAATCTCTGTTTGCCAACGCATTTGGCTACCCTGCCACTCACACCATTCAGGCGCCTGGCCGCGTGAATTTGATTGGTGAACACACCGACTACAACGACGGTTTCGTTCTGCCCTGCGCGATTGATTATCAAACCGTGATCAGTTGTGCACCACGCGATGACCGTAAAGTTCGCGTGATGGCAGCCGATTATGAGAATCAGCTCGACGAGTTCTCTCTCGATGCGCCCATTGTCGCACATGAGAACTATCAATGGGCTAACTACGTTCGTGGCGTGGTGAAACATCTGCAACTGCGTAACAACAGCTTCGGCGGCGTGGACATGGTGATCAGCGGCAATGTGCCGCAGGGTGCCGGGTTAAGTTCTTCCGCTTCACTGGAAGTCGCGGTCGGAACCGTATTGCAGCAGCTTTATCATCTGCCGCTGGACGGCGCACAAATCGCGCTTAACGGTCAGGAAGCAGAGAATCAGTTTGTAGGCTGTAACTGCGGGATCATGGATCAGCTAATTTCCGCGCTCGGCAAGAAAGATCATGCCTTGCTGATCGATTGCCGCTCACTCGGTACCAAAGCAGTTTCCATGCCCAAAGGTGTGGCTGTCGTCATCATCAACAGTAACTTCAAACGTACCCTGGTTGGCAGCGAATACAACACCCGTCGTGAACAGTGCGAAACCGGTGCGCGTTTCTTCCAGCAGCCAGCCCTGCGTGATGTCACCATTGAAGAGTTCAACGCTGTTGCGCATGAACTGGACCCGATCGTGGCGAAGCGCGTGCGTCATATACTGACTGAGAACGCCCGCACCGTTGAAGCTGCCAGCGCGCTGGAGCAAGGCGACCTGAAACGTATGGGCGAGTTGATGGCGGAGTCTCATGCCTCTATGCGCGATGATTTCGAAATCACCGTGCCGCAAATTGACACTCTGGTAGAAATCGTCAAAGCTGTGATTGGCGACAAAGGTGGCGTACGCATGACCGGCGGCGGATTTGGCGGCTGTATCGTCGCGCTGATCCCGGAAGAGCTGGTGCCTGCCGTACAGCAAGCTGTCGCTGAACAATATGAAGCGAAGACTGGTATTAAGGAGGCTTTTTATGTTTGTAAACCATCACAAGGAGCAGGACAGTGCTGA
1129,7,0.006092254134029591,2,7,25,1,0,Antoine,ATGAGTCTGAAAGAGAAGACGCAATCTCTGTTTGCCAACGCATTTGGCTACCCTGCCACTCACACCATTCAGGCGCCTGGCCGCGTGAATTTGATTGGTGAACACACCGACTACAACGACGGTTTCGTTCTGCCCTGCGCGATTGATTATCAAACCGTGATCAGTTGTGCACCACGCGATGACCGTAAAGTTCGCGTGATGGCAGCCGATTATGAGAATCAGCTCGACGAGTTCTCTCTCGATGCGCCCATTGTCGCACATGAGAACTATCAATGGGCTAACTACGTTCGTGGCGTGGTGAAACATCTGCAACTGCGTAACAACAGCTTCGGCGGCGTGGACATGGTGATCAGCGGCAATGTGCCGCAGGGTGCCGGGTTAAGTTCTTCCGCTTCACTGGAAGTCGCGGTCGGAACCGTATTGCAGCAGCTTTATCATCTGCCGCTGGACGGCGCACAAATCGCGCTTAACGGTCAGGAAGCAGAGAATCAGTTTGTAGGCTGTAACTGCGGGATCATGGATCAGCTAATTTCCGCGCTCGGCAAGAAAGATCATGCCTTGCTGATCGATTGCCGCTCACTCGGTACCAAAGCAGTTTCCATGCCCAAAGGTGTGGCTGTCGTCATCATCAACAGTAACTTCAAACGTACCCTGGTTGGCAGCGAATACAACACCCGTCGTGAACAGTGCGAAACCGGTGCGCGTTTCTTCCAGCAGCCAGCCCTGCGTGATGTCACCATTGAAGAGTTCAACGCTGTTGCGCATGAACTGGACCCGATCGTGGCGAAGCGCGTGCGTCATATACTGACTGAGAATGCCCGCACCGTTGAAGCTGCCAGCGCGCTGGAGCAAGGCGACCTGAAACGTATGGGCGAGTTGATGGCGGAGTCTCATGCCTCTATGCGCGATGATTTCGAAATCACCGTGCCGCAAATTGACACTCTGGTAGAAATCGTCAAAGCTGTGATTGGCGACAAAGGTGGCGTACGCATGACCGGCGGCGGATTTGGCGGCTGTATCGTCGCGCTGATCCCGGAAGAGCTGGTGCCTGCCGTACAGCAAGCTGTCGCTGAACAATATGAAGCGAAGACTGGTATTAAAGAGACATTCTATGTTTGTAAACCATCACAGGAGGCAGGACAATGCTGA
1130,7,0.006092254134029591,2,6,23,1,0,Antoine,ATGAGTCTGAAAGAGAAGACGCAATCTCTGTTTGCCAACGCATTTGGCTACCCTGCCACTCACACCATTCAGGCGCCTGGCCGCGTGAATTTGATTGGTGAACACACCGACTACAACGACGGTTTCGTTCTGCCCTGCGCGATTGATTATCAAACCGTGATCAGTTGTGCACCACGCGATGACCGTAAAGTTCGCGTGATGGCAGCCGATTATGAGAATCAGCTCGACGAGTTCTCTCTCGATGCGCCCATTGTCGCACATGAGAACTATCAATGGGCTAACTACGTTCGTGGCGTGGTGAAACATCTGCAACTGCGTAACAACAGCTTCGGCGGCGTGGACATGGTGATCAGCGGCAATGTGCCGCAGGGTGCCGGGTTAAGTTCTTCCGCTTCACTGGAAGTCGCGGTCGGAACCGTATTGCAGCAGCTTTATCATCTGCCGCTGGACGGCGCACAAATCGCGCTTAACGGTCAGGAAGCAGAGAATCAGTTTGTAGGCTGTAACTGCGGGATCATGGATCAGCTAATTTCCGCGCTCGGCAAGAAAGATCATGCCTTGCTGATCGATTGCCGCTCACTCGGTACCAAAGCAGTTTCCATGCCCAAAGGTGTGGCTGTCGTCATCATCAACAGTAACTTCAAACGTACCCTGGTTGGCAGCGAATACAACACCCGTCGTGAACAGTGCGAAACCGGTGCGCGTTTCTTCCAGCAGCCAGCCCTGCGTGATGTCACCATTGAAGAGTTCAACGCTGTTGCGCATGAACTGGACCCGATCGTGGCGAAGCGCGTGCGTCATATACTGACTGAGAATGCCCGCACCGTTGAAGCTGCCAGCGCGCTGGAGCAAGGCGACCTGAAACGTATGGGCGAGTTGATGGCGGAGTCTCATGCCTCTATGCGCGATGATTTCGAAATCACCGTGCCGCAAATTGACACTCTGGTAGAAATCGTCAAAGCTGTGATTGGCGACAAAGGTGGCGTACGCATGACCGGCGGCGGATTTGGCGGCTGTATCGTCGCGCTGATCCCGGAAGAGCTGGTGCCTGCCGTACAGCAAGCTGTCGCTGAACAATATGAAGCGAAGACTGGTATTAAAGAGACATTCTATGTTTGTAAACCATCACAAGGAGGAGGACAATGCTGA
